Property Name,ICal Link
Management Company,https://web.streamlinevrs.com/453724.ics
Shoshone,https://web.streamlinevrs.com/412321.ics
Cottonwoods 347,https://web.streamlinevrs.com/598133.ics
Cottonwoods 401,https://web.streamlinevrs.com/551438.ics
Entrada at Moab 417,https://web.streamlinevrs.com/438569.ics
Cottonwoods 419,https://web.streamlinevrs.com/578573.ics
Earhart Crested Butte,https://web.streamlinevrs.com/412318.ics
Entrada at Moab 420,https://web.streamlinevrs.com/523187.ics
Entrada at Moab 420b,https://web.streamlinevrs.com/421411.ics
Entrada at Moab 421,https://web.streamlinevrs.com/419115.ics
Entrada at Moab 424,https://web.streamlinevrs.com/419707.ics
Entrada at Moab 425,https://web.streamlinevrs.com/419114.ics
Entrada at Moab 428,https://web.streamlinevrs.com/419113.ics
Entrada at Moab 429,https://web.streamlinevrs.com/429501.ics
Entrada at Moab 432,https://web.streamlinevrs.com/438572.ics
Entrada at Moab 442,https://web.streamlinevrs.com/763992.ics
Cottonwoods 477,https://web.streamlinevrs.com/817370.ics
Entrada at Moab 590,https://web.streamlinevrs.com/412323.ics
Entrada at Moab 594,https://web.streamlinevrs.com/412324.ics
Entrada at Moab 598,https://web.streamlinevrs.com/477955.ics
Entrada at Moab 602,https://web.streamlinevrs.com/438029.ics
Entrada at Moab 611,https://web.streamlinevrs.com/438475.ics
Entrada at Moab 619,https://web.streamlinevrs.com/438471.ics
Entrada at Moab 620,https://web.streamlinevrs.com/438571.ics
Entrada at Moab 623,https://web.streamlinevrs.com/419112.ics
Entrada at Moab 624,https://web.streamlinevrs.com/438570.ics
Entrada at Moab 631,https://web.streamlinevrs.com/438473.ics
Entrada at Moab 632,https://web.streamlinevrs.com/438573.ics
Tanglewood,https://web.streamlinevrs.com/480045.ics
Entrada at Moab 635,https://web.streamlinevrs.com/438474.ics
Entrada at Moab 652,https://web.streamlinevrs.com/578555.ics
Entrada at Moab 664,https://web.streamlinevrs.com/658984.ics
Entrada at Moab 672,https://web.streamlinevrs.com/585214.ics
Entrada at Moab 673,https://web.streamlinevrs.com/591537.ics
Reservation Group Unit,https://web.streamlinevrs.com/522661.ics